transaction_id,user_id,amount,country,merchant,transaction_time,is_fraud
TX00001,USER2824,129.93,United States,Netflix,2026-05-04 22:11:33,0
TX00002,USER2679,3385.11,Malaysia,7-Eleven,2026-04-13 00:35:08,0
TX00003,USER1488,473.01,Thailand,NTUC,2026-04-27 23:16:05,0
TX00004,USER4257,3581.52,China,Netflix,2026-05-05 15:54:51,0
TX00005,USER5557,4048.11,Singapore,Shopee,2026-05-01 00:22:05,0
TX00006,USER6574,1392.97,Thailand,Apple,2026-05-02 05:11:07,0
TX00007,USER7224,488.1,United Kingdom,7-Eleven,2026-04-18 00:05:08,0
TX00008,USER1711,3650.01,Malaysia,Google,2026-05-02 19:47:37,0
TX00009,USER5803,4147.88,United Kingdom,7-Eleven,2026-04-30 04:11:50,1
TX00010,USER2139,233.89,Thailand,Steam,2026-04-29 09:03:21,0
TX00011,USER4814,4333.09,China,Steam,2026-04-24 11:07:13,0
TX00012,USER6977,817.46,United Kingdom,Netflix,2026-04-19 16:50:54,0
TX00013,USER2169,3047.61,Indonesia,NTUC,2026-05-05 03:06:50,0
TX00014,USER3677,2313.99,United States,NTUC,2026-04-09 15:15:22,0
TX00015,USER6313,4215.05,Singapore,Netflix,2026-05-08 05:21:40,0
TX00016,USER6168,2008.82,Malaysia,Netflix,2026-05-03 22:26:03,0
TX00017,USER6155,1067.07,India,Google,2026-05-01 11:09:08,0
TX00018,USER8517,718.64,Indonesia,Netflix,2026-04-23 22:00:44,0
TX00019,USER9830,1317.39,China,7-Eleven,2026-04-27 15:55:07,0
TX00020,USER4593,4986.64,Indonesia,NTUC,2026-05-01 04:27:16,1
TX00021,USER1771,4306.21,Indonesia,Shopee,2026-04-29 03:57:53,0
TX00022,USER7916,2984.06,China,Google,2026-04-23 21:29:23,0
TX00023,USER8668,2647.93,Singapore,Grab,2026-04-19 17:22:54,0
TX00024,USER9797,3755.63,United Kingdom,Grab,2026-04-14 11:54:59,0
TX00025,USER3591,2271.35,United States,NTUC,2026-05-01 13:23:34,0
TX00026,USER9317,4563.58,United States,NTUC,2026-05-05 16:42:03,0
TX00027,USER3504,1872.7,Indonesia,NTUC,2026-04-17 05:18:24,0
TX00028,USER9689,4592.88,United Kingdom,McDonalds,2026-04-22 17:01:06,1
TX00029,USER6947,4394.22,United States,Netflix,2026-04-22 03:59:11,1
TX00030,USER2290,432.84,India,Grab,2026-04-19 08:59:33,0
TX00031,USER9727,3830.34,Indonesia,McDonalds,2026-05-01 11:14:12,0
TX00032,USER3705,1328.96,China,Netflix,2026-04-10 08:34:03,0
TX00033,USER4295,3566.18,China,Apple,2026-05-02 05:30:19,0
TX00034,USER9479,2260.17,Thailand,Netflix,2026-05-04 22:09:36,0
TX00035,USER1344,2943.6,Thailand,7-Eleven,2026-05-02 21:41:37,0
TX00036,USER2163,3540.67,Singapore,Netflix,2026-05-01 17:16:41,0
TX00037,USER1514,4298.88,Malaysia,NTUC,2026-05-04 10:35:40,0
TX00038,USER8953,1075.11,Indonesia,7-Eleven,2026-04-14 07:59:54,0
TX00039,USER4981,3924.17,China,Netflix,2026-04-21 21:43:06,0
TX00040,USER8062,1774.72,China,McDonalds,2026-04-21 05:12:11,0
TX00041,USER1887,3368.46,Malaysia,Amazon,2026-04-22 13:23:42,0
TX00042,USER6559,4003.96,Malaysia,Netflix,2026-05-06 22:55:13,0
TX00043,USER9786,2245.82,China,Shopee,2026-04-19 06:32:25,0
TX00044,USER5092,4373.06,Malaysia,McDonalds,2026-04-18 08:06:03,0
TX00045,USER2604,257.69,Singapore,Grab,2026-04-11 15:06:13,0
TX00046,USER4872,835.72,India,McDonalds,2026-05-05 05:31:07,0
TX00047,USER7570,4512.7,Indonesia,Google,2026-04-30 16:20:35,1
TX00048,USER7396,1329.69,India,Steam,2026-04-19 19:00:00,0
TX00049,USER8973,778.21,United States,Netflix,2026-04-20 06:42:52,0
TX00050,USER9883,309.48,United Kingdom,Amazon,2026-04-21 06:32:11,0
TX00051,USER8811,2516.74,Indonesia,Amazon,2026-04-15 22:08:48,0
TX00052,USER2312,4257.46,Malaysia,7-Eleven,2026-04-13 01:33:35,0
TX00053,USER4853,2021.86,Thailand,7-Eleven,2026-04-17 20:40:18,0
TX00054,USER2343,2099.03,United Kingdom,Steam,2026-04-24 20:47:29,0
TX00055,USER6147,1197.24,China,Shopee,2026-04-15 12:21:23,0
TX00056,USER5915,2288.84,Malaysia,Amazon,2026-04-15 15:38:36,0
TX00057,USER2638,370.94,Thailand,NTUC,2026-05-08 12:12:23,0
TX00058,USER6718,4404.92,Thailand,Apple,2026-04-23 15:39:57,0
TX00059,USER8179,4169.56,United States,7-Eleven,2026-04-29 17:49:15,0
TX00060,USER9666,44.08,United States,Grab,2026-05-07 17:02:50,0
TX00061,USER3200,1326.01,Malaysia,NTUC,2026-04-25 11:10:04,0
TX00062,USER5616,3026.12,United Kingdom,Netflix,2026-04-29 23:26:59,0
TX00063,USER5325,2529.52,United States,Amazon,2026-04-15 07:57:59,0
TX00064,USER7939,4147.59,Singapore,Amazon,2026-04-16 05:13:08,0
TX00065,USER3143,3187.38,United States,Shopee,2026-04-15 00:50:29,0
TX00066,USER8007,2806.73,Malaysia,Grab,2026-04-18 04:43:29,0
TX00067,USER3442,2730.22,United Kingdom,7-Eleven,2026-04-14 10:41:40,0
TX00068,USER8041,641.59,United States,Apple,2026-04-17 03:19:26,0
TX00069,USER1653,4495.13,Thailand,Netflix,2026-04-22 02:09:25,1
TX00070,USER6794,3901.68,China,7-Eleven,2026-04-19 23:39:37,0
TX00071,USER4878,4323.71,Indonesia,Google,2026-04-29 23:45:14,1
TX00072,USER6442,3913.02,China,Netflix,2026-04-09 18:21:48,0
TX00073,USER2771,1915.8,Singapore,McDonalds,2026-04-19 13:27:37,0
TX00074,USER8541,1751.54,Thailand,Netflix,2026-04-13 02:04:24,1
TX00075,USER4164,1995.34,United States,Grab,2026-04-17 00:10:25,0
TX00076,USER5573,1758.97,China,NTUC,2026-04-28 11:01:11,0
TX00077,USER1452,581.13,United States,Shopee,2026-05-05 13:10:03,0
TX00078,USER5349,196.09,China,Apple,2026-05-02 02:40:41,0
TX00079,USER6139,2184.79,Malaysia,Google,2026-05-09 10:38:28,0
TX00080,USER4114,1277.34,China,Amazon,2026-04-25 00:34:17,0
TX00081,USER9821,3435.85,Thailand,Apple,2026-04-13 14:40:10,0
TX00082,USER6409,3117.66,Malaysia,Steam,2026-04-15 15:18:11,0
TX00083,USER7691,1634.28,United States,NTUC,2026-05-02 17:15:07,0
TX00084,USER7888,3326.32,China,Shopee,2026-04-16 16:03:46,0
TX00085,USER5930,2033.35,Singapore,Steam,2026-04-18 21:01:21,0
TX00086,USER8043,3929.87,United Kingdom,McDonalds,2026-05-05 16:05:14,0
TX00087,USER4501,2558.31,Indonesia,Grab,2026-04-10 06:36:33,0
TX00088,USER6491,471.47,Thailand,Steam,2026-04-15 19:56:23,0
TX00089,USER4262,741.03,Singapore,Netflix,2026-04-24 01:43:18,0
TX00090,USER2193,2279.8,Thailand,Google,2026-04-15 01:43:59,0
TX00091,USER4997,742.12,Singapore,Grab,2026-04-20 23:58:32,0
TX00092,USER4585,883.55,India,Amazon,2026-04-22 14:40:01,0
TX00093,USER2988,2285.03,India,NTUC,2026-04-26 15:26:11,0
TX00094,USER6198,4750.45,India,7-Eleven,2026-04-15 17:28:03,0
TX00095,USER9270,2136.57,India,Shopee,2026-04-26 21:47:21,0
TX00096,USER8777,2253.1,Thailand,Steam,2026-04-17 06:59:29,0
TX00097,USER9540,2425.56,Thailand,Steam,2026-05-03 08:13:53,0
TX00098,USER5681,1176.3,United Kingdom,Apple,2026-05-03 16:20:37,0
TX00099,USER2320,696.18,Thailand,Google,2026-04-11 14:22:23,0
TX00100,USER4505,325.82,China,Apple,2026-05-09 00:20:13,0
TX00101,USER7812,316.02,China,Google,2026-04-10 19:43:43,0
TX00102,USER1320,4284.38,China,McDonalds,2026-05-05 22:21:18,1
TX00103,USER6763,1496.57,China,Google,2026-04-27 15:01:36,0
TX00104,USER9947,4000.34,Thailand,McDonalds,2026-05-03 14:54:42,0
TX00105,USER8140,2430.78,China,Apple,2026-05-04 07:07:48,0
TX00106,USER7624,3622.29,India,Shopee,2026-04-23 04:47:08,0
TX00107,USER9751,139.7,China,7-Eleven,2026-04-28 01:30:42,0
TX00108,USER1444,424.32,China,Shopee,2026-04-27 17:42:45,0
TX00109,USER3977,256.17,China,Apple,2026-04-30 13:55:08,0
TX00110,USER6355,1690.82,China,Steam,2026-05-07 21:59:48,0
TX00111,USER7906,1265.1,Malaysia,McDonalds,2026-05-02 04:31:31,1
TX00112,USER9837,265.17,United Kingdom,Netflix,2026-04-14 07:14:51,0
TX00113,USER1659,3772.39,Thailand,Netflix,2026-05-02 20:15:44,0
TX00114,USER3496,1196.53,India,Grab,2026-04-21 09:55:50,0
TX00115,USER4571,2327.84,United States,Apple,2026-04-25 00:01:33,0
TX00116,USER2876,3890.07,Indonesia,Steam,2026-05-05 13:29:40,0
TX00117,USER1420,4644.79,China,Google,2026-05-06 05:14:23,0
TX00118,USER4249,384.6,Thailand,Grab,2026-04-27 02:10:36,0
TX00119,USER5941,4252.21,Malaysia,7-Eleven,2026-04-29 06:27:14,0
TX00120,USER6688,2666.06,United Kingdom,Grab,2026-04-19 22:39:48,0
TX00121,USER6590,68.2,China,McDonalds,2026-04-22 19:27:22,0
TX00122,USER6934,3179.75,India,Shopee,2026-05-07 15:16:40,0
TX00123,USER9548,4827.54,United States,7-Eleven,2026-04-10 00:23:33,0
TX00124,USER9817,3874.33,India,Google,2026-04-30 10:36:09,0
TX00125,USER5397,1614.91,Thailand,Grab,2026-04-27 14:37:14,0
TX00126,USER8385,1223.1,India,7-Eleven,2026-05-01 10:08:01,0
TX00127,USER7209,1685.3,India,Apple,2026-04-17 12:58:27,0
TX00128,USER4475,1777.35,United States,Apple,2026-04-25 04:45:25,0
TX00129,USER5526,2781.18,Thailand,Grab,2026-05-04 12:36:55,0
TX00130,USER7658,2445.45,Thailand,McDonalds,2026-04-17 05:26:22,0
TX00131,USER9041,2243.63,Singapore,Grab,2026-04-30 13:17:09,0
TX00132,USER7625,3460.48,United States,7-Eleven,2026-04-30 16:18:58,0
TX00133,USER9698,1722.07,United Kingdom,Apple,2026-04-15 01:05:06,0
TX00134,USER5438,1536.58,Thailand,Grab,2026-04-12 11:38:29,0
TX00135,USER6169,602.18,Indonesia,Netflix,2026-04-10 23:01:42,0
TX00136,USER8933,1386.12,United States,Grab,2026-04-20 07:44:05,0
TX00137,USER5853,1141.28,Indonesia,Steam,2026-05-01 14:58:27,1
TX00138,USER9751,637.28,Singapore,Amazon,2026-04-13 23:17:24,0
TX00139,USER3068,3191.16,India,Grab,2026-04-20 09:27:07,0
TX00140,USER5658,2349.64,India,Apple,2026-04-20 06:55:02,0
TX00141,USER1841,1266.13,India,Grab,2026-04-21 00:57:11,0
TX00142,USER7565,2461.27,Singapore,Shopee,2026-04-17 20:55:28,0
TX00143,USER5978,430.48,Thailand,Grab,2026-05-09 01:27:03,0
TX00144,USER7818,3033.56,Thailand,NTUC,2026-04-28 17:05:58,0
TX00145,USER8253,1490.28,China,Steam,2026-04-12 21:21:59,0
TX00146,USER1986,3050.11,Malaysia,Netflix,2026-05-07 01:57:40,0
TX00147,USER5335,3303.84,Indonesia,Netflix,2026-04-12 01:49:21,1
TX00148,USER2229,786.88,China,McDonalds,2026-04-12 18:12:25,0
TX00149,USER8699,1459.84,Thailand,Steam,2026-04-16 21:38:45,0
TX00150,USER8438,360.54,Thailand,Steam,2026-04-30 13:19:15,0
TX00151,USER4241,2128.57,Thailand,Shopee,2026-04-19 11:25:20,0
TX00152,USER3330,361.69,Indonesia,Steam,2026-05-08 15:36:53,0
TX00153,USER5728,2198.57,India,Steam,2026-04-11 08:35:04,0
TX00154,USER5460,2504.86,India,McDonalds,2026-04-25 10:10:32,0
TX00155,USER1653,4447.67,United Kingdom,7-Eleven,2026-04-18 21:35:00,0
TX00156,USER2496,1148.48,Singapore,Steam,2026-05-07 09:32:14,0
TX00157,USER3870,2355.15,India,Steam,2026-05-08 02:30:07,0
TX00158,USER8141,3175.75,India,Grab,2026-04-12 00:33:39,0
TX00159,USER7690,1669.88,Malaysia,Shopee,2026-04-25 18:56:40,0
TX00160,USER9117,1444.65,China,NTUC,2026-05-02 08:06:09,0
TX00161,USER2442,1576.01,United Kingdom,Grab,2026-05-02 02:44:04,0
TX00162,USER7622,4325.23,Singapore,NTUC,2026-04-11 03:32:38,0
TX00163,USER1888,941.97,United Kingdom,7-Eleven,2026-04-10 00:55:07,0
TX00164,USER8242,3801.15,Thailand,Steam,2026-04-14 22:57:13,0
TX00165,USER5719,2193.39,India,Grab,2026-04-27 20:31:59,1
TX00166,USER4920,3550.37,United States,NTUC,2026-04-13 06:11:53,1
TX00167,USER7684,470.58,Malaysia,McDonalds,2026-04-17 02:21:57,0
TX00168,USER3522,2494.39,United States,NTUC,2026-04-21 17:13:05,0
TX00169,USER7807,4174.45,India,Netflix,2026-04-24 23:56:48,0
TX00170,USER3369,1921.01,Indonesia,Grab,2026-04-15 16:35:32,0
TX00171,USER7798,1702.68,United States,Amazon,2026-04-26 07:11:42,0
TX00172,USER5891,4188.19,India,Shopee,2026-05-07 15:46:27,0
TX00173,USER8935,1728.89,China,McDonalds,2026-04-13 13:11:23,0
TX00174,USER4090,4903.97,Thailand,7-Eleven,2026-04-25 04:28:25,1
TX00175,USER7730,223.02,India,Google,2026-04-23 11:44:20,0
TX00176,USER3492,2479.17,Singapore,Shopee,2026-04-14 14:30:18,0
TX00177,USER6439,4349.15,India,Grab,2026-04-28 05:57:51,0
TX00178,USER8486,81.66,Indonesia,Google,2026-04-17 07:57:50,0
TX00179,USER3529,378.77,United States,Apple,2026-04-11 05:00:23,0
TX00180,USER7512,3250.93,United Kingdom,NTUC,2026-04-17 11:37:10,0
TX00181,USER6188,3135.86,India,NTUC,2026-04-12 05:17:43,0
TX00182,USER2121,1177.68,United States,Netflix,2026-04-18 02:43:26,0
TX00183,USER8110,4891.8,Malaysia,McDonalds,2026-05-09 07:11:14,0
TX00184,USER5906,4517.6,Singapore,Apple,2026-04-26 23:17:21,0
TX00185,USER5806,1795.52,China,Shopee,2026-05-05 16:33:27,0
TX00186,USER7751,2831.81,Indonesia,Shopee,2026-04-22 23:13:54,0
TX00187,USER7267,3100.45,Thailand,McDonalds,2026-04-13 17:58:40,0
TX00188,USER3344,1164.78,United States,McDonalds,2026-04-26 00:08:20,0
TX00189,USER1153,4495.05,India,Steam,2026-04-19 20:03:35,0
TX00190,USER3588,373.94,United Kingdom,7-Eleven,2026-04-16 01:53:17,0
TX00191,USER7951,3453.12,India,Steam,2026-04-21 09:30:02,0
TX00192,USER7302,4267.41,Malaysia,Netflix,2026-05-05 19:30:59,0
TX00193,USER6881,2876.19,United States,Amazon,2026-05-05 00:34:57,0
TX00194,USER7484,1376.03,Singapore,7-Eleven,2026-04-15 10:27:15,0
TX00195,USER5689,3879.83,Thailand,7-Eleven,2026-04-10 12:42:14,0
TX00196,USER4588,3184.91,United States,Shopee,2026-04-26 23:48:02,0
TX00197,USER1645,1548.12,India,Amazon,2026-04-19 13:41:44,0
TX00198,USER3153,455.22,United States,Apple,2026-04-24 06:52:34,0
TX00199,USER3877,1007.97,United Kingdom,NTUC,2026-04-14 17:03:42,0
TX00200,USER5465,4153.21,United States,McDonalds,2026-04-30 17:14:25,0
TX00201,USER5835,3734.06,United Kingdom,Grab,2026-05-04 07:42:32,0
TX00202,USER2233,708.08,Thailand,Google,2026-05-05 06:00:42,0
TX00203,USER6992,456.06,China,Amazon,2026-04-14 00:53:09,0
TX00204,USER3024,2276.66,United States,7-Eleven,2026-05-09 03:33:07,0
TX00205,USER7086,546.19,Thailand,McDonalds,2026-05-06 04:54:28,1
TX00206,USER6374,4576.7,Thailand,Grab,2026-04-22 07:18:42,0
TX00207,USER8606,4547.39,United States,Google,2026-04-11 22:06:44,0
TX00208,USER1742,4731.58,United States,McDonalds,2026-05-05 16:48:37,0
TX00209,USER4846,4436.86,Indonesia,Google,2026-04-10 18:47:30,0
TX00210,USER9850,2098.54,Indonesia,Google,2026-05-05 00:06:27,0
TX00211,USER9017,3080.18,United States,Amazon,2026-04-28 07:05:38,0
TX00212,USER4559,2219.7,Thailand,Apple,2026-04-22 08:11:24,0
TX00213,USER7018,2724.61,United Kingdom,Amazon,2026-04-14 06:59:47,0
TX00214,USER4109,4841.19,India,Grab,2026-04-22 13:47:33,0
TX00215,USER1349,257.64,United Kingdom,Netflix,2026-04-13 20:04:31,0
TX00216,USER4362,347.71,Thailand,7-Eleven,2026-04-13 01:48:33,0
TX00217,USER4817,1646.15,Indonesia,7-Eleven,2026-05-06 07:28:32,1
TX00218,USER3370,4937.7,United States,Shopee,2026-04-24 11:13:20,0
TX00219,USER1422,663.36,United Kingdom,Netflix,2026-04-11 08:15:03,0
TX00220,USER1258,875.36,Singapore,Shopee,2026-04-21 18:58:24,0
TX00221,USER9619,572.68,Malaysia,McDonalds,2026-04-28 17:06:06,0
TX00222,USER6931,2568.62,Malaysia,McDonalds,2026-04-17 01:33:34,0
TX00223,USER1710,3637.58,United States,McDonalds,2026-04-18 10:44:57,0
TX00224,USER1510,308.82,India,Google,2026-04-12 20:12:35,0
TX00225,USER2768,2453.89,India,Grab,2026-05-06 00:42:46,0
TX00226,USER6277,3043.45,Malaysia,Shopee,2026-05-04 08:13:12,0
TX00227,USER9984,3562.2,China,7-Eleven,2026-04-25 09:45:26,0
TX00228,USER8433,2530.23,China,Grab,2026-04-18 09:09:56,0
TX00229,USER2874,4264.7,Thailand,Google,2026-04-28 14:27:28,0
TX00230,USER4743,2072.0,India,Google,2026-04-19 03:12:54,0
TX00231,USER2557,1566.18,United Kingdom,Steam,2026-04-23 06:35:07,0
TX00232,USER3500,3435.67,India,Grab,2026-04-28 07:25:05,0
TX00233,USER2398,470.68,Malaysia,Apple,2026-04-21 14:35:48,0
TX00234,USER1982,2934.39,United Kingdom,Grab,2026-05-04 06:30:40,0
TX00235,USER7929,4341.12,Singapore,Steam,2026-04-09 13:45:44,0
TX00236,USER6761,522.48,Thailand,Shopee,2026-04-09 21:48:49,0
TX00237,USER4674,4237.14,United Kingdom,NTUC,2026-04-24 14:54:39,0
TX00238,USER5564,2872.63,China,NTUC,2026-05-06 18:39:54,0
TX00239,USER1430,3046.93,United States,Amazon,2026-04-29 00:28:41,0
TX00240,USER6062,4608.08,United Kingdom,Amazon,2026-04-17 16:20:05,0
TX00241,USER3347,2833.77,China,Grab,2026-05-01 22:39:55,0
TX00242,USER1502,463.33,Thailand,Google,2026-04-23 06:06:42,0
TX00243,USER6585,791.26,United States,Apple,2026-04-21 10:12:17,0
TX00244,USER2391,4417.29,Indonesia,Shopee,2026-05-03 22:33:24,0
TX00245,USER1815,3371.47,United States,McDonalds,2026-05-01 13:57:13,0
TX00246,USER8957,3037.34,China,Steam,2026-04-24 20:35:08,0
TX00247,USER9394,573.52,China,Grab,2026-04-18 15:18:18,0
TX00248,USER8972,2637.04,United States,Amazon,2026-04-26 04:46:31,0
TX00249,USER1897,43.4,United States,Netflix,2026-04-17 23:28:46,0
TX00250,USER5186,1450.79,Malaysia,Amazon,2026-05-04 03:49:39,0
TX00251,USER8055,882.6,China,NTUC,2026-04-17 09:23:36,0
TX00252,USER9196,2795.82,United Kingdom,Grab,2026-04-21 03:58:38,0
TX00253,USER1693,2183.92,India,Grab,2026-04-10 08:05:08,0
TX00254,USER8033,2869.13,China,Steam,2026-04-09 19:51:31,0
TX00255,USER1341,4831.17,Indonesia,7-Eleven,2026-04-18 14:03:47,0
TX00256,USER6928,445.21,Malaysia,Netflix,2026-04-28 11:08:27,0
TX00257,USER7560,2622.19,China,Steam,2026-04-11 04:25:37,0
TX00258,USER4630,1668.68,Indonesia,Grab,2026-04-30 00:48:45,0
TX00259,USER2868,2655.37,Thailand,Apple,2026-04-15 08:25:21,0
TX00260,USER3419,1185.16,Indonesia,Steam,2026-05-01 01:11:23,0
TX00261,USER3504,3802.28,Malaysia,Shopee,2026-04-21 23:57:11,0
TX00262,USER9095,2322.45,India,7-Eleven,2026-04-10 21:20:45,0
TX00263,USER6295,4321.91,United Kingdom,Shopee,2026-04-09 21:05:03,0
TX00264,USER8682,2213.83,United States,Steam,2026-04-28 04:13:24,0
TX00265,USER6766,2539.15,United States,McDonalds,2026-04-11 22:35:26,0
TX00266,USER1932,1846.84,United States,Grab,2026-04-26 14:07:44,0
TX00267,USER2479,3076.97,China,McDonalds,2026-04-24 09:28:39,0
TX00268,USER1672,2251.42,Thailand,Apple,2026-04-17 15:17:48,0
TX00269,USER9214,758.55,Singapore,McDonalds,2026-04-15 19:43:37,0
TX00270,USER6626,4912.02,Malaysia,NTUC,2026-05-03 11:08:15,0
TX00271,USER1641,1242.48,India,McDonalds,2026-04-26 14:28:09,0
TX00272,USER3600,1822.67,United States,Google,2026-04-14 20:11:42,0
TX00273,USER6543,3396.09,Singapore,Apple,2026-05-05 02:38:05,0
TX00274,USER2548,2792.03,China,Steam,2026-04-16 03:06:10,0
TX00275,USER3463,1670.14,Indonesia,Apple,2026-04-17 08:04:48,0
TX00276,USER7421,649.11,Malaysia,Steam,2026-04-12 15:13:47,0
TX00277,USER6381,4066.86,Malaysia,Google,2026-04-16 14:48:34,0
TX00278,USER1298,1816.18,Indonesia,Netflix,2026-04-11 22:46:39,0
TX00279,USER8967,964.07,Indonesia,Shopee,2026-05-08 18:01:42,0
TX00280,USER2657,2540.91,Singapore,Apple,2026-04-24 09:31:57,0
TX00281,USER3147,2988.25,Indonesia,Shopee,2026-04-17 16:33:16,0
TX00282,USER3712,3607.31,Singapore,Google,2026-04-24 16:33:50,0
TX00283,USER4891,4848.1,United States,McDonalds,2026-04-14 12:51:37,0
TX00284,USER4918,1550.79,India,Netflix,2026-04-12 00:22:22,0
TX00285,USER8218,2311.09,United States,Google,2026-04-17 16:03:48,0
TX00286,USER7859,4831.51,Thailand,7-Eleven,2026-04-28 10:12:16,0
TX00287,USER5096,265.64,India,Apple,2026-05-02 19:00:32,0
TX00288,USER2680,3558.45,Malaysia,Steam,2026-04-10 07:55:42,0
TX00289,USER3626,1367.59,Indonesia,Google,2026-04-10 03:47:05,0
TX00290,USER4637,4084.43,United Kingdom,Amazon,2026-05-08 21:36:08,0
TX00291,USER7495,2512.53,Thailand,Google,2026-04-14 19:38:53,0
TX00292,USER7142,1126.57,United Kingdom,Grab,2026-04-10 02:03:35,0
TX00293,USER6493,3957.95,Indonesia,Amazon,2026-04-14 01:00:14,1
TX00294,USER8740,3481.88,Indonesia,McDonalds,2026-04-15 08:27:28,0
TX00295,USER1086,4529.76,Singapore,Steam,2026-05-08 09:25:25,0
TX00296,USER3449,2746.28,China,Grab,2026-04-18 14:49:41,0
TX00297,USER4893,1509.25,Singapore,Netflix,2026-05-04 00:31:58,0
TX00298,USER8489,318.72,India,7-Eleven,2026-05-06 00:55:20,0
TX00299,USER9443,2877.36,Indonesia,Steam,2026-05-04 02:25:12,0
TX00300,USER6780,1206.62,China,Shopee,2026-04-13 15:08:43,0
TX00301,USER2402,2619.81,United Kingdom,Grab,2026-05-09 07:48:37,0
TX00302,USER9914,2539.1,Singapore,Google,2026-04-21 23:32:32,0
TX00303,USER1713,3180.18,United Kingdom,Steam,2026-05-03 11:38:43,0
TX00304,USER6850,3943.66,United Kingdom,Netflix,2026-05-05 14:30:56,0
TX00305,USER2698,3858.65,United Kingdom,Shopee,2026-04-10 09:00:17,0
TX00306,USER9945,1696.04,Indonesia,McDonalds,2026-04-27 20:36:32,0
TX00307,USER8840,3160.52,Indonesia,Grab,2026-04-13 09:04:59,0
TX00308,USER8498,189.73,Thailand,Amazon,2026-05-05 00:06:15,0
TX00309,USER1686,1581.4,United States,NTUC,2026-05-04 23:36:53,0
TX00310,USER9897,2369.63,Singapore,Netflix,2026-05-03 11:35:08,0
TX00311,USER1783,4329.66,United Kingdom,Steam,2026-04-24 12:00:40,0
TX00312,USER7029,2187.57,China,McDonalds,2026-04-30 07:59:51,0
TX00313,USER7334,1698.49,Indonesia,McDonalds,2026-04-11 14:57:40,0
TX00314,USER7018,4621.93,United States,Grab,2026-04-25 04:19:10,0
TX00315,USER2293,2155.88,Indonesia,NTUC,2026-04-22 16:21:02,0
TX00316,USER2680,404.94,United States,Steam,2026-04-17 06:53:18,0
TX00317,USER7981,837.39,India,Apple,2026-04-25 11:49:33,0
TX00318,USER6776,3076.18,China,Steam,2026-04-11 20:58:11,0
TX00319,USER1939,379.83,China,Apple,2026-04-15 00:43:25,0
TX00320,USER3621,4764.18,Indonesia,7-Eleven,2026-04-27 21:22:21,0
TX00321,USER8179,178.82,Malaysia,Netflix,2026-04-10 04:03:30,0
TX00322,USER7001,1813.94,Singapore,7-Eleven,2026-04-14 06:51:54,0
TX00323,USER8371,4744.37,United Kingdom,McDonalds,2026-04-22 21:19:43,0
TX00324,USER3255,2649.65,China,Apple,2026-04-10 19:39:15,0
TX00325,USER5089,4802.8,Singapore,Shopee,2026-05-04 13:21:30,0
TX00326,USER7340,4568.14,Malaysia,Steam,2026-04-19 18:58:54,0
TX00327,USER8311,1076.78,United States,McDonalds,2026-04-21 23:40:00,0
TX00328,USER3223,4264.87,India,Shopee,2026-04-11 00:47:48,0
TX00329,USER8292,4986.33,United Kingdom,Apple,2026-04-11 20:19:33,0
TX00330,USER9882,1455.36,United States,Shopee,2026-04-24 13:05:38,0
TX00331,USER3852,3969.51,Thailand,Grab,2026-05-05 21:07:25,0
TX00332,USER3275,1187.5,India,Amazon,2026-05-08 09:49:45,0
TX00333,USER7044,2339.69,Indonesia,7-Eleven,2026-05-04 23:43:09,0
TX00334,USER2077,1549.91,India,NTUC,2026-04-25 15:53:05,0
TX00335,USER7708,4117.58,Malaysia,Shopee,2026-04-14 03:51:50,0
TX00336,USER2215,2252.62,United Kingdom,Shopee,2026-04-17 21:47:28,0
TX00337,USER3981,3840.07,Indonesia,Google,2026-04-13 12:51:11,0
TX00338,USER1907,4157.8,Indonesia,Steam,2026-05-03 15:30:16,0
TX00339,USER6286,4674.02,Thailand,Apple,2026-04-12 06:07:18,0
TX00340,USER9501,4475.15,Malaysia,Steam,2026-04-28 10:43:01,0
TX00341,USER5496,630.23,United States,7-Eleven,2026-05-06 19:47:14,0
TX00342,USER9234,3206.73,Indonesia,Shopee,2026-04-13 23:00:15,0
TX00343,USER6531,4213.44,Singapore,Amazon,2026-04-10 08:21:13,0
TX00344,USER5336,3257.39,China,7-Eleven,2026-04-16 19:26:49,0
TX00345,USER9159,4445.54,United States,Steam,2026-04-15 18:32:53,0
TX00346,USER7653,1490.68,Malaysia,Amazon,2026-04-19 05:29:39,0
TX00347,USER7809,2423.83,Thailand,Apple,2026-04-13 19:16:44,0
TX00348,USER6121,4308.12,United Kingdom,Apple,2026-04-13 00:18:41,0
TX00349,USER3142,3804.52,Malaysia,Apple,2026-05-02 12:13:27,0
TX00350,USER3007,1341.02,Thailand,Shopee,2026-04-19 19:52:22,0
TX00351,USER5754,4727.2,China,Netflix,2026-04-14 20:58:53,0
TX00352,USER3616,4068.32,United Kingdom,Netflix,2026-04-27 02:30:15,0
TX00353,USER9163,4979.87,India,McDonalds,2026-04-16 04:34:57,0
TX00354,USER9148,120.77,China,NTUC,2026-05-04 00:35:10,0
TX00355,USER4944,1079.65,United Kingdom,Amazon,2026-04-12 10:48:17,0
TX00356,USER9108,2989.61,India,Steam,2026-04-29 00:29:29,0
TX00357,USER2761,2157.48,United States,Apple,2026-05-08 11:51:23,0
TX00358,USER6995,230.99,Singapore,7-Eleven,2026-04-16 13:33:53,0
TX00359,USER6939,2768.35,Malaysia,Google,2026-05-02 04:34:05,0
TX00360,USER5582,4127.43,Malaysia,Shopee,2026-04-30 03:27:40,0
TX00361,USER7453,1869.13,United Kingdom,NTUC,2026-04-29 11:51:43,0
TX00362,USER3363,999.29,China,NTUC,2026-04-23 12:36:47,0
TX00363,USER1637,689.5,United Kingdom,McDonalds,2026-04-19 02:08:31,0
TX00364,USER3440,3033.27,Indonesia,Apple,2026-04-28 14:59:51,0
TX00365,USER6218,816.7,United States,7-Eleven,2026-04-28 18:48:24,0
TX00366,USER9351,2664.04,United States,McDonalds,2026-05-05 07:34:48,0
TX00367,USER7035,1659.54,Malaysia,Google,2026-05-07 00:18:17,0
TX00368,USER1436,2986.56,United States,7-Eleven,2026-04-18 05:44:48,0
TX00369,USER1841,2919.7,Indonesia,NTUC,2026-05-03 18:45:15,0
TX00370,USER7229,743.14,Thailand,Amazon,2026-04-30 16:07:45,0
TX00371,USER2800,957.97,India,Apple,2026-05-04 04:09:19,0
TX00372,USER7765,3454.05,China,NTUC,2026-04-25 18:27:55,0
TX00373,USER8726,4364.72,Singapore,Shopee,2026-05-02 03:16:50,0
TX00374,USER6325,4990.62,India,NTUC,2026-05-03 16:18:27,0
TX00375,USER3837,2301.02,United Kingdom,NTUC,2026-05-03 08:52:46,0
TX00376,USER5331,3052.33,Thailand,Netflix,2026-04-16 18:55:34,0
TX00377,USER5890,1128.21,United States,Steam,2026-05-02 07:30:05,0
TX00378,USER9011,1588.62,United Kingdom,NTUC,2026-05-03 10:18:17,0
TX00379,USER5480,1442.51,China,Google,2026-04-19 07:22:20,0
TX00380,USER3399,1455.81,United States,Grab,2026-04-18 10:28:41,0
TX00381,USER8247,3281.58,India,Netflix,2026-05-08 23:17:18,0
TX00382,USER9824,1359.31,United States,Shopee,2026-05-07 04:07:57,0
TX00383,USER4920,1216.08,Thailand,Netflix,2026-04-10 13:05:54,0
TX00384,USER7771,1654.82,India,Grab,2026-05-08 13:39:51,0
TX00385,USER3252,30.88,Indonesia,Google,2026-04-14 11:25:33,0
TX00386,USER8793,2389.86,Thailand,Steam,2026-04-30 21:12:14,0
TX00387,USER1969,4540.15,Malaysia,7-Eleven,2026-04-20 02:14:02,0
TX00388,USER1611,4566.58,Indonesia,Google,2026-05-09 08:06:13,0
TX00389,USER3880,4669.94,Singapore,Google,2026-05-03 17:43:46,0
TX00390,USER4052,4683.36,United States,Amazon,2026-04-18 23:28:59,1
TX00391,USER2758,4642.63,United Kingdom,Steam,2026-05-03 20:34:56,0
TX00392,USER9901,2623.97,Indonesia,NTUC,2026-05-07 08:39:34,0
TX00393,USER4159,4045.03,United Kingdom,Shopee,2026-04-13 21:54:56,0
TX00394,USER5215,3594.4,Singapore,Apple,2026-04-19 04:07:42,0
TX00395,USER4164,881.6,China,Google,2026-04-14 19:55:37,0
TX00396,USER2421,2007.16,Malaysia,Shopee,2026-04-28 01:54:16,0
TX00397,USER8822,1621.39,Thailand,Amazon,2026-05-07 06:33:46,0
TX00398,USER4858,2236.44,United States,Apple,2026-04-18 18:47:58,0
TX00399,USER1187,1311.46,United Kingdom,Netflix,2026-05-06 07:35:41,0
TX00400,USER2936,2329.65,Indonesia,Google,2026-04-19 22:19:56,0
TX00401,USER6095,3453.0,United States,Apple,2026-04-25 23:47:28,0
TX00402,USER4590,4787.02,India,Shopee,2026-05-01 22:29:20,0
TX00403,USER7121,2082.15,India,NTUC,2026-04-10 10:30:29,0
TX00404,USER4578,3810.49,Malaysia,NTUC,2026-05-01 14:41:25,0
TX00405,USER6927,395.12,Malaysia,Amazon,2026-04-27 07:09:45,0
TX00406,USER9281,1014.77,Indonesia,Shopee,2026-04-29 02:11:23,0
TX00407,USER9525,2211.99,Thailand,7-Eleven,2026-05-04 21:47:19,0
TX00408,USER9361,2230.19,Singapore,McDonalds,2026-04-29 14:16:26,0
TX00409,USER7806,2286.71,Singapore,NTUC,2026-04-30 02:53:27,0
TX00410,USER6049,3617.78,China,Steam,2026-04-30 23:02:50,0
TX00411,USER4570,2893.66,Singapore,Google,2026-05-05 02:53:58,0
TX00412,USER2044,2708.11,Singapore,Grab,2026-04-21 19:35:36,0
TX00413,USER8734,163.52,China,Shopee,2026-04-15 04:01:11,0
TX00414,USER7887,1875.43,China,McDonalds,2026-05-07 08:32:07,0
TX00415,USER7184,1881.35,Indonesia,Apple,2026-04-25 11:03:16,0
TX00416,USER9802,1968.33,Indonesia,Netflix,2026-04-21 15:25:23,0
TX00417,USER1372,4892.56,India,NTUC,2026-04-30 08:42:18,0
TX00418,USER7214,4117.69,Thailand,McDonalds,2026-05-04 01:18:58,1
TX00419,USER5516,946.46,Malaysia,Amazon,2026-05-04 10:50:32,0
TX00420,USER7868,3076.54,Singapore,Netflix,2026-05-07 05:05:51,0
TX00421,USER2653,2971.75,India,7-Eleven,2026-04-19 13:04:28,0
TX00422,USER1797,1227.45,Singapore,Google,2026-04-24 00:25:15,0
TX00423,USER9843,1090.26,Singapore,Shopee,2026-05-07 04:53:56,0
TX00424,USER5739,1174.64,United Kingdom,7-Eleven,2026-04-19 09:47:34,0
TX00425,USER6253,1188.34,Indonesia,NTUC,2026-04-11 05:10:43,0
TX00426,USER5923,1379.39,Indonesia,Google,2026-04-23 17:40:33,0
TX00427,USER1768,4861.59,China,NTUC,2026-04-23 13:32:15,0
TX00428,USER7821,2044.25,United States,Google,2026-05-07 10:10:14,0
TX00429,USER9813,2370.23,Thailand,Steam,2026-04-30 01:44:55,0
TX00430,USER3365,4029.85,Singapore,NTUC,2026-04-25 09:13:44,0
TX00431,USER7824,2788.65,Indonesia,Google,2026-04-27 21:50:02,0
TX00432,USER4331,1654.66,Malaysia,McDonalds,2026-04-11 10:22:13,0
TX00433,USER2514,2680.5,Thailand,Amazon,2026-04-22 01:59:44,0
TX00434,USER1647,4368.73,Thailand,7-Eleven,2026-04-10 20:28:31,0
TX00435,USER4555,2399.57,United Kingdom,Steam,2026-05-08 18:05:20,0
TX00436,USER1251,1062.98,Thailand,Grab,2026-05-01 11:02:59,0
TX00437,USER8846,4572.63,Thailand,Google,2026-05-08 23:01:28,0
TX00438,USER6269,3878.69,China,McDonalds,2026-04-22 20:06:11,0
TX00439,USER6886,1545.57,United Kingdom,NTUC,2026-04-29 11:04:55,0
TX00440,USER8635,497.55,India,Apple,2026-04-20 16:42:55,0
TX00441,USER7073,1568.05,Singapore,7-Eleven,2026-04-18 07:56:39,0
TX00442,USER3390,86.02,China,Steam,2026-04-22 01:31:07,0
TX00443,USER6404,1153.94,Thailand,McDonalds,2026-04-16 10:32:07,0
TX00444,USER6530,1290.35,India,McDonalds,2026-04-25 01:33:30,0
TX00445,USER6770,850.48,India,Shopee,2026-04-11 15:27:04,0
TX00446,USER9882,4951.67,Singapore,NTUC,2026-05-04 18:50:35,0
TX00447,USER2217,4726.21,Singapore,Amazon,2026-05-06 22:53:40,0
TX00448,USER4791,344.5,Indonesia,Amazon,2026-05-03 03:18:01,0
TX00449,USER8471,1869.14,India,McDonalds,2026-05-06 17:44:59,1
TX00450,USER9719,2760.46,Singapore,Amazon,2026-05-01 13:03:54,0
TX00451,USER5501,2681.01,United States,Amazon,2026-04-25 02:18:50,0
TX00452,USER8054,4031.81,Indonesia,Grab,2026-04-27 03:17:18,0
TX00453,USER9591,748.74,Thailand,7-Eleven,2026-04-09 20:14:42,0
TX00454,USER6807,1340.29,China,Grab,2026-04-24 20:38:42,0
TX00455,USER7652,2297.69,Thailand,Netflix,2026-04-14 19:30:40,0
TX00456,USER2320,3270.41,Singapore,Grab,2026-04-27 23:42:36,0
TX00457,USER7179,2765.74,Singapore,Amazon,2026-05-08 11:18:11,0
TX00458,USER2354,2501.79,China,Apple,2026-04-09 17:16:41,0
TX00459,USER2562,4474.48,Singapore,Netflix,2026-04-23 18:41:55,0
TX00460,USER8790,1359.12,Malaysia,Steam,2026-04-15 10:12:23,0
TX00461,USER1539,900.88,United Kingdom,Amazon,2026-05-04 14:54:05,0
TX00462,USER3362,3762.51,China,Grab,2026-04-19 17:46:42,0
TX00463,USER4939,2835.65,China,NTUC,2026-04-26 04:09:09,0
TX00464,USER3292,3953.54,Malaysia,NTUC,2026-04-24 00:21:53,0
TX00465,USER6666,273.21,China,Netflix,2026-04-22 08:22:05,0
TX00466,USER6580,3027.82,China,Apple,2026-04-25 02:47:53,1
TX00467,USER5478,3918.82,India,McDonalds,2026-04-09 17:46:12,0
TX00468,USER7150,2162.08,China,Grab,2026-04-25 19:16:39,0
TX00469,USER5839,3991.29,Malaysia,Grab,2026-04-25 08:57:20,0
TX00470,USER7225,3559.83,Indonesia,Google,2026-04-15 21:56:57,0
TX00471,USER2745,462.14,United States,McDonalds,2026-04-10 18:35:47,0
TX00472,USER5419,515.65,Malaysia,Shopee,2026-05-06 13:20:24,0
TX00473,USER9395,2043.18,Singapore,Grab,2026-04-10 22:02:19,0
TX00474,USER2524,2986.64,United Kingdom,Google,2026-05-03 22:28:37,1
TX00475,USER7779,1942.06,Malaysia,NTUC,2026-05-04 13:35:24,0
TX00476,USER4977,2861.94,Indonesia,Google,2026-04-11 13:24:34,0
TX00477,USER5405,1509.15,India,Shopee,2026-05-03 11:30:43,0
TX00478,USER8121,1383.43,United States,McDonalds,2026-04-28 13:54:43,0
TX00479,USER6916,1262.24,Thailand,McDonalds,2026-05-07 17:16:08,0
TX00480,USER4203,2292.02,Indonesia,Steam,2026-04-25 23:20:24,1
TX00481,USER7483,1664.42,China,Apple,2026-04-29 19:27:24,0
TX00482,USER8055,4078.3,Indonesia,Steam,2026-04-22 22:20:27,0
TX00483,USER4290,2397.65,Indonesia,Google,2026-04-26 00:27:54,0
TX00484,USER5775,3675.7,India,7-Eleven,2026-04-15 18:17:18,0
TX00485,USER6339,1883.4,China,Apple,2026-04-10 16:41:32,0
TX00486,USER4273,2963.17,Indonesia,NTUC,2026-04-12 02:05:21,1
TX00487,USER8563,4715.16,Thailand,McDonalds,2026-04-18 13:13:35,0
TX00488,USER2133,4095.73,China,McDonalds,2026-04-25 10:40:46,0
TX00489,USER5961,1213.9,Indonesia,Google,2026-04-13 18:02:32,0
TX00490,USER2211,2248.09,India,7-Eleven,2026-04-27 06:05:10,0
TX00491,USER9300,4617.86,China,NTUC,2026-04-23 17:53:17,0
TX00492,USER6890,3509.66,Malaysia,Grab,2026-05-01 16:42:49,0
TX00493,USER6816,835.86,Singapore,7-Eleven,2026-04-23 01:12:16,0
TX00494,USER7547,4834.22,United Kingdom,Google,2026-04-30 19:00:49,0
TX00495,USER2615,1297.4,Thailand,McDonalds,2026-05-01 11:29:02,0
TX00496,USER8586,3862.85,Indonesia,Apple,2026-05-07 18:28:04,0
TX00497,USER8909,527.22,China,Grab,2026-04-14 04:43:44,0
TX00498,USER3321,1744.9,United Kingdom,McDonalds,2026-04-18 23:42:27,0
TX00499,USER9537,2417.22,India,Grab,2026-04-20 00:25:55,0
TX00500,USER8412,1597.95,United States,Amazon,2026-04-20 01:09:23,0
TX00501,USER2885,117.81,United Kingdom,Grab,2026-04-10 09:29:07,0
TX00502,USER3692,4649.96,Thailand,NTUC,2026-05-04 02:29:56,1
TX00503,USER3623,1658.29,China,McDonalds,2026-05-04 07:14:27,0
TX00504,USER7636,3150.65,Indonesia,Google,2026-05-01 14:49:31,0
TX00505,USER4232,2250.63,China,Google,2026-04-22 09:00:54,1
TX00506,USER4519,1032.89,Malaysia,7-Eleven,2026-05-07 07:52:34,0
TX00507,USER9796,938.86,United Kingdom,Netflix,2026-05-07 06:55:06,0
TX00508,USER5298,3355.15,India,NTUC,2026-05-08 07:28:17,0
TX00509,USER6134,2986.87,China,7-Eleven,2026-04-30 06:00:07,0
TX00510,USER6766,4228.36,Indonesia,Steam,2026-04-14 11:11:39,0
TX00511,USER2388,3362.19,United Kingdom,Grab,2026-04-24 01:21:05,1
TX00512,USER2916,919.31,Indonesia,NTUC,2026-04-27 12:35:09,0
TX00513,USER3258,2876.16,China,Shopee,2026-05-03 19:24:07,0
TX00514,USER9804,3468.7,Indonesia,NTUC,2026-04-15 02:48:09,1
TX00515,USER5732,705.78,United Kingdom,McDonalds,2026-05-02 00:35:24,0
TX00516,USER6882,4759.45,India,Shopee,2026-04-11 19:51:04,0
TX00517,USER7290,4819.33,India,Google,2026-04-28 23:17:31,0
TX00518,USER7809,3552.16,India,McDonalds,2026-04-12 22:08:25,0
TX00519,USER1505,3980.43,Thailand,Steam,2026-04-30 11:38:39,0
TX00520,USER4683,2690.36,Indonesia,McDonalds,2026-04-22 21:59:25,0
TX00521,USER9115,2750.88,Malaysia,7-Eleven,2026-05-07 16:31:23,0
TX00522,USER9898,4117.3,United Kingdom,NTUC,2026-04-28 21:35:40,0
TX00523,USER1681,3801.22,India,NTUC,2026-05-04 04:55:12,1
TX00524,USER7965,516.57,Thailand,Steam,2026-04-20 10:43:11,0
TX00525,USER1528,2251.41,United Kingdom,Grab,2026-04-11 12:52:38,0
TX00526,USER2923,3879.28,Thailand,Netflix,2026-04-20 16:47:34,0
TX00527,USER6744,4305.94,China,Shopee,2026-04-16 11:51:58,0
TX00528,USER4385,4068.58,Singapore,7-Eleven,2026-04-24 22:00:11,0
TX00529,USER5605,2986.3,Indonesia,Apple,2026-04-22 17:10:23,0
TX00530,USER5794,1450.22,United States,NTUC,2026-04-17 08:47:21,0
TX00531,USER2560,682.27,China,Amazon,2026-04-22 23:12:40,0
TX00532,USER3078,3508.63,Indonesia,Netflix,2026-05-06 02:04:00,1
TX00533,USER6277,4143.27,China,McDonalds,2026-04-16 11:20:22,0
TX00534,USER5402,3140.93,China,McDonalds,2026-05-04 17:37:47,0
TX00535,USER2525,2017.24,United States,Apple,2026-05-02 14:21:29,0
TX00536,USER8996,1639.81,Singapore,Grab,2026-04-12 11:21:07,0
TX00537,USER8511,3176.03,United Kingdom,Grab,2026-05-01 03:24:07,0
TX00538,USER7516,1093.06,China,Netflix,2026-05-02 23:54:25,0
TX00539,USER6289,4142.58,United Kingdom,NTUC,2026-05-05 02:45:04,1
TX00540,USER8951,3942.58,Singapore,Amazon,2026-04-28 18:07:06,0
TX00541,USER8529,86.33,Indonesia,McDonalds,2026-05-07 00:50:47,0
TX00542,USER8009,1015.58,Indonesia,Steam,2026-05-04 03:21:16,0
TX00543,USER5489,471.23,United Kingdom,Steam,2026-05-08 10:28:42,0
TX00544,USER3711,263.68,United States,Netflix,2026-04-15 07:48:13,0
TX00545,USER2494,3519.97,Singapore,Netflix,2026-04-29 19:30:56,0
TX00546,USER3174,2970.43,India,Amazon,2026-04-16 01:23:00,1
TX00547,USER6629,4086.46,China,Shopee,2026-05-04 09:16:51,0
TX00548,USER4751,1918.43,Malaysia,Grab,2026-04-19 04:46:28,0
TX00549,USER5902,689.96,Indonesia,Shopee,2026-04-28 00:30:33,0
TX00550,USER1138,3053.54,Indonesia,McDonalds,2026-04-18 02:43:47,1
TX00551,USER4490,3142.26,Indonesia,Google,2026-04-22 19:09:12,0
TX00552,USER8248,4300.51,Malaysia,Grab,2026-04-21 08:22:01,0
TX00553,USER3017,2949.92,China,Apple,2026-04-19 21:06:31,0
TX00554,USER6152,3956.43,Thailand,Steam,2026-04-28 06:17:04,0
TX00555,USER5065,2769.22,United States,Amazon,2026-04-15 12:36:23,0
TX00556,USER5942,1031.2,Thailand,Google,2026-04-16 06:34:54,0
TX00557,USER1894,3920.09,Thailand,McDonalds,2026-04-16 12:10:58,0
TX00558,USER4949,2500.41,Malaysia,NTUC,2026-04-19 04:51:23,0
TX00559,USER1197,4934.48,United Kingdom,Shopee,2026-04-15 09:18:10,0
TX00560,USER7895,1830.24,Indonesia,McDonalds,2026-04-30 00:39:00,0
TX00561,USER2195,88.36,Malaysia,Amazon,2026-04-21 05:58:09,0
TX00562,USER1652,4613.28,China,NTUC,2026-04-10 00:29:43,0
TX00563,USER9209,3836.71,China,Google,2026-05-08 01:18:10,1
TX00564,USER9791,2690.59,Indonesia,Steam,2026-04-09 17:58:07,0
TX00565,USER2294,2558.97,Thailand,Shopee,2026-04-28 03:56:59,0
TX00566,USER7401,2934.25,Malaysia,Steam,2026-04-19 05:19:28,0
TX00567,USER4909,294.24,Malaysia,Google,2026-04-25 04:11:07,0
TX00568,USER1901,1549.9,Indonesia,Grab,2026-04-28 02:56:55,1
TX00569,USER3248,3508.99,Indonesia,McDonalds,2026-04-14 09:56:00,0
TX00570,USER9568,2588.53,United States,Shopee,2026-04-13 13:31:42,0
TX00571,USER5403,3666.01,Malaysia,Amazon,2026-04-30 15:35:32,0
TX00572,USER8034,1363.54,Malaysia,Steam,2026-04-12 23:32:51,0
TX00573,USER2262,2483.26,United Kingdom,Amazon,2026-04-14 01:29:38,0
TX00574,USER3734,1841.6,United States,Grab,2026-04-29 16:52:39,0
TX00575,USER2889,1145.88,Singapore,Amazon,2026-04-30 04:36:41,0
TX00576,USER1201,1226.53,India,Apple,2026-04-20 07:10:47,0
TX00577,USER3458,898.91,Singapore,NTUC,2026-04-22 09:31:30,0
TX00578,USER7870,1126.45,Thailand,Google,2026-04-30 19:23:48,0
TX00579,USER6241,1359.93,Malaysia,7-Eleven,2026-05-02 06:23:32,0
TX00580,USER9225,3368.26,Singapore,Shopee,2026-05-08 04:34:20,0
TX00581,USER9450,4907.16,China,Grab,2026-04-22 05:21:11,0
TX00582,USER5625,3868.77,United States,Apple,2026-04-16 21:24:51,0
TX00583,USER8483,44.81,Thailand,Steam,2026-05-01 03:22:16,0
TX00584,USER5979,3699.18,Thailand,McDonalds,2026-05-02 18:45:52,0
TX00585,USER9083,4988.95,Thailand,NTUC,2026-04-17 02:50:21,0
TX00586,USER5016,757.08,China,Amazon,2026-04-13 15:24:01,0
TX00587,USER6675,3181.53,Singapore,Apple,2026-05-03 00:13:03,1
TX00588,USER7164,4245.78,United States,Grab,2026-04-13 11:27:38,0
TX00589,USER4902,2101.98,Singapore,Shopee,2026-04-10 03:26:41,0
TX00590,USER2524,224.28,Thailand,NTUC,2026-04-20 11:30:32,0
TX00591,USER7102,2295.0,Malaysia,7-Eleven,2026-04-29 15:42:30,0
TX00592,USER3187,3187.89,China,Grab,2026-05-08 10:05:12,0
TX00593,USER2020,2177.74,Indonesia,Netflix,2026-04-12 15:07:10,0
TX00594,USER6161,4630.58,China,Apple,2026-05-06 01:58:58,1
TX00595,USER5455,1171.89,Thailand,Shopee,2026-05-02 04:28:57,0
TX00596,USER2785,781.28,Indonesia,McDonalds,2026-05-05 19:18:13,0
TX00597,USER7660,608.08,United Kingdom,Netflix,2026-04-17 05:30:08,0
TX00598,USER8591,1328.71,Malaysia,Grab,2026-05-05 06:33:04,0
TX00599,USER5984,4132.8,Singapore,Netflix,2026-04-14 19:19:27,0
TX00600,USER6370,745.88,Thailand,Apple,2026-05-02 09:36:01,0
TX00601,USER1802,3387.53,United States,Shopee,2026-04-13 21:33:03,0
TX00602,USER7625,4273.73,Thailand,Grab,2026-04-11 03:25:38,1
TX00603,USER3290,611.66,Singapore,Netflix,2026-05-05 01:27:20,0
TX00604,USER7563,1864.34,Malaysia,7-Eleven,2026-04-26 19:58:08,0
TX00605,USER2228,113.89,Malaysia,Netflix,2026-04-28 16:28:28,0
TX00606,USER8265,4047.45,Malaysia,Apple,2026-04-15 11:47:58,0
TX00607,USER8552,257.94,China,Google,2026-04-21 10:27:05,0
TX00608,USER7270,3417.65,Indonesia,Apple,2026-04-19 04:32:36,1
TX00609,USER4066,1378.53,India,Shopee,2026-04-12 04:00:31,0
TX00610,USER5026,3238.16,India,Google,2026-05-05 18:29:43,0
TX00611,USER8848,309.59,United States,Google,2026-04-10 14:14:10,0
TX00612,USER4267,3215.05,Thailand,NTUC,2026-04-14 15:29:20,0
TX00613,USER7266,3910.67,United Kingdom,McDonalds,2026-04-20 04:08:54,1
TX00614,USER8940,1723.45,United Kingdom,Google,2026-05-01 05:46:35,0
TX00615,USER1427,1597.79,Thailand,Amazon,2026-04-09 20:00:04,0
TX00616,USER5602,297.66,India,NTUC,2026-04-28 18:35:25,0
TX00617,USER4813,4870.03,Malaysia,Netflix,2026-04-29 21:48:03,0
TX00618,USER5366,2670.78,Singapore,Netflix,2026-04-22 10:35:44,0
TX00619,USER7363,1777.25,Indonesia,Shopee,2026-04-15 12:26:18,0
TX00620,USER6210,4032.02,United Kingdom,7-Eleven,2026-05-01 03:38:47,1
TX00621,USER6761,4738.06,Indonesia,7-Eleven,2026-04-29 13:05:22,0
TX00622,USER9064,2712.91,Indonesia,McDonalds,2026-04-18 17:05:48,0
TX00623,USER1920,1166.95,Thailand,Amazon,2026-04-29 09:32:20,0
TX00624,USER1011,1662.01,Thailand,Shopee,2026-04-21 04:26:31,0
TX00625,USER3907,4594.31,United Kingdom,Amazon,2026-04-12 08:12:36,1
TX00626,USER3320,3872.96,United Kingdom,Grab,2026-05-03 12:55:30,0
TX00627,USER7481,2932.15,United Kingdom,Steam,2026-04-26 16:20:05,0
TX00628,USER3580,3663.1,China,McDonalds,2026-04-11 14:38:02,0
TX00629,USER3854,3537.38,United Kingdom,Netflix,2026-04-26 03:30:30,1
TX00630,USER3872,1895.03,United States,Shopee,2026-05-05 02:29:58,0
TX00631,USER1029,4744.2,China,7-Eleven,2026-05-04 08:16:10,0
TX00632,USER6213,4605.59,Thailand,7-Eleven,2026-04-13 22:41:55,0
TX00633,USER9129,707.51,Malaysia,Netflix,2026-05-09 11:35:39,0
TX00634,USER6234,843.6,Malaysia,Apple,2026-05-03 16:05:27,0
TX00635,USER5345,1052.37,Malaysia,Apple,2026-04-12 04:03:37,0
TX00636,USER2770,3603.47,Singapore,Google,2026-04-17 17:21:51,0
TX00637,USER7875,4845.66,China,McDonalds,2026-05-02 22:36:45,0
TX00638,USER6754,2732.39,Malaysia,McDonalds,2026-04-14 09:58:11,0
TX00639,USER4695,817.47,Malaysia,Amazon,2026-04-12 19:05:29,0
TX00640,USER6221,1309.33,Malaysia,Grab,2026-04-13 04:35:23,0
TX00641,USER7151,808.72,Malaysia,NTUC,2026-04-10 03:31:09,0
TX00642,USER2525,1693.06,India,Amazon,2026-05-01 16:01:13,0
TX00643,USER3703,3038.55,China,Shopee,2026-04-11 21:01:19,0
TX00644,USER6424,1031.72,Thailand,Google,2026-04-15 03:43:29,0
TX00645,USER9849,1330.0,United States,Steam,2026-04-24 02:51:13,0
TX00646,USER1813,1967.55,India,Shopee,2026-04-28 06:26:49,0
TX00647,USER1062,2140.89,United States,7-Eleven,2026-05-03 15:49:53,0
TX00648,USER2589,133.55,Indonesia,Steam,2026-04-27 08:57:46,0
TX00649,USER8758,4219.63,United States,Google,2026-05-06 23:19:57,0
TX00650,USER5341,460.23,China,Shopee,2026-04-21 22:18:56,0
TX00651,USER7249,1850.16,India,Amazon,2026-04-14 21:25:52,0
TX00652,USER8619,1320.69,United States,7-Eleven,2026-05-05 00:07:35,0
TX00653,USER2584,433.11,United Kingdom,NTUC,2026-04-20 16:18:59,0
TX00654,USER4727,2770.24,China,NTUC,2026-05-07 19:11:39,0
TX00655,USER9773,3436.9,India,7-Eleven,2026-05-08 08:21:31,0
TX00656,USER8803,1497.77,China,Amazon,2026-04-22 09:00:04,0
TX00657,USER9467,4003.25,Indonesia,Grab,2026-04-30 12:36:04,0
TX00658,USER8357,868.53,Indonesia,Netflix,2026-04-17 17:45:51,0
TX00659,USER3067,218.17,Malaysia,Google,2026-04-12 04:00:29,0
TX00660,USER3422,4171.37,United States,Apple,2026-04-21 17:59:29,0
TX00661,USER2097,439.7,China,NTUC,2026-04-25 05:23:59,0
TX00662,USER5525,2600.84,Singapore,7-Eleven,2026-04-23 20:00:55,0
TX00663,USER7874,567.03,Indonesia,Shopee,2026-04-29 14:24:04,0
TX00664,USER2641,4625.02,Malaysia,Steam,2026-04-24 06:42:36,0
TX00665,USER6633,4390.08,United States,Google,2026-04-17 15:29:22,0
TX00666,USER8750,192.14,United States,Google,2026-04-27 19:54:51,0
TX00667,USER7581,198.72,United Kingdom,Netflix,2026-04-22 12:03:45,0
TX00668,USER8785,4604.57,United Kingdom,Amazon,2026-04-15 14:45:50,0
TX00669,USER5965,1558.19,India,Grab,2026-04-21 15:29:04,0
TX00670,USER4734,676.26,India,Apple,2026-04-17 16:26:04,0
TX00671,USER7828,3026.87,Malaysia,Netflix,2026-04-30 05:10:16,0
TX00672,USER7671,3706.02,United Kingdom,Amazon,2026-04-12 18:40:42,0
TX00673,USER3604,332.76,China,Shopee,2026-04-11 17:44:08,0
TX00674,USER9589,4397.27,Singapore,Shopee,2026-05-07 16:20:31,0
TX00675,USER4288,4185.7,Thailand,Amazon,2026-04-19 12:03:35,0
TX00676,USER6904,3524.65,United States,Apple,2026-04-10 21:18:04,0
TX00677,USER9275,1987.73,Malaysia,Amazon,2026-05-09 03:29:31,0
TX00678,USER9008,2972.25,Indonesia,McDonalds,2026-04-10 12:20:30,0
TX00679,USER6730,1724.52,United States,Grab,2026-04-23 06:15:48,0
TX00680,USER7333,253.01,Thailand,Netflix,2026-04-10 03:40:10,0
TX00681,USER4387,1349.07,China,NTUC,2026-04-18 04:24:16,1
TX00682,USER1145,2373.12,Indonesia,Shopee,2026-04-21 21:11:44,0
TX00683,USER1138,1122.73,United States,Steam,2026-04-22 10:23:13,0
TX00684,USER7168,4258.67,India,Steam,2026-04-19 13:11:43,0
TX00685,USER5950,3387.59,China,7-Eleven,2026-04-15 17:46:07,0
TX00686,USER9380,4997.15,United Kingdom,NTUC,2026-05-09 04:30:32,1
TX00687,USER5631,1495.89,Malaysia,McDonalds,2026-05-02 19:51:08,0
TX00688,USER5529,3204.77,United States,Steam,2026-05-05 01:06:31,1
TX00689,USER5895,945.86,Thailand,Amazon,2026-05-03 06:17:04,0
TX00690,USER7620,3304.35,Indonesia,Amazon,2026-05-01 11:54:19,0
TX00691,USER5843,1300.83,China,Google,2026-04-22 14:52:52,0
TX00692,USER1578,2917.2,Thailand,Apple,2026-05-02 00:04:08,0
TX00693,USER4643,3433.16,India,Apple,2026-05-09 10:13:49,0
TX00694,USER3785,4203.99,Indonesia,Steam,2026-04-15 20:28:54,0
TX00695,USER3096,3705.89,Indonesia,Apple,2026-04-12 12:18:41,0
TX00696,USER4641,1779.64,United States,Google,2026-05-01 18:42:15,0
TX00697,USER6428,1861.55,United States,McDonalds,2026-04-13 18:30:45,0
TX00698,USER8709,273.12,Malaysia,McDonalds,2026-05-05 10:40:26,0
TX00699,USER9199,603.48,China,NTUC,2026-05-01 05:21:47,0
TX00700,USER1885,4354.89,Indonesia,Shopee,2026-04-19 16:55:55,0
TX00701,USER6614,2048.91,India,Shopee,2026-04-17 00:45:20,0
TX00702,USER3954,3895.81,India,Apple,2026-04-17 08:32:26,0
TX00703,USER3897,1570.5,Singapore,Amazon,2026-04-10 14:51:58,0
TX00704,USER4430,3807.16,Indonesia,7-Eleven,2026-04-24 20:46:49,0
TX00705,USER9021,3927.13,Malaysia,Shopee,2026-04-29 12:53:29,0
TX00706,USER8035,2019.95,India,Google,2026-05-04 04:21:11,1
TX00707,USER9745,1001.07,United Kingdom,Amazon,2026-05-04 21:48:41,0
TX00708,USER9700,956.93,Singapore,Netflix,2026-04-17 00:52:09,0
TX00709,USER6641,1563.9,Malaysia,Google,2026-05-04 14:53:29,0
TX00710,USER6015,839.27,Singapore,Steam,2026-04-15 14:43:02,0
TX00711,USER8469,3640.52,United Kingdom,Google,2026-04-15 11:51:09,0
TX00712,USER3192,1716.95,India,Apple,2026-04-23 14:25:52,0
TX00713,USER3701,4740.68,China,Amazon,2026-04-30 15:06:06,0
TX00714,USER3149,1059.9,Singapore,7-Eleven,2026-04-21 05:45:02,0
TX00715,USER3017,1836.12,Singapore,Google,2026-04-25 18:10:54,0
TX00716,USER5190,3857.39,Singapore,7-Eleven,2026-05-05 01:06:40,0
TX00717,USER2771,3269.57,Singapore,Amazon,2026-05-03 17:39:13,0
TX00718,USER7828,2224.35,Malaysia,NTUC,2026-04-20 10:07:31,0
TX00719,USER3508,1031.45,Singapore,Steam,2026-04-26 05:02:22,0
TX00720,USER2654,3314.1,United States,7-Eleven,2026-05-05 02:19:03,1
TX00721,USER3247,2097.03,Malaysia,NTUC,2026-05-02 12:37:44,0
TX00722,USER2928,1417.12,Malaysia,McDonalds,2026-05-04 13:29:49,0
TX00723,USER4272,3890.9,Thailand,Apple,2026-04-23 11:54:34,0
TX00724,USER5839,806.07,India,Netflix,2026-04-17 23:26:29,0
TX00725,USER8875,1656.37,Singapore,Amazon,2026-05-04 05:52:56,0
TX00726,USER2809,4176.98,India,Shopee,2026-04-12 19:31:28,0
TX00727,USER9383,379.87,Malaysia,Steam,2026-04-30 01:46:17,0
TX00728,USER8483,4943.39,United States,Steam,2026-05-08 08:35:27,0
TX00729,USER2635,4066.83,Singapore,Steam,2026-04-10 21:44:25,0
TX00730,USER6123,2132.85,Malaysia,Grab,2026-05-08 23:36:06,0
TX00731,USER1751,53.31,Indonesia,Shopee,2026-04-22 03:01:41,0
TX00732,USER8171,4775.67,United States,Grab,2026-04-11 04:25:47,1
TX00733,USER6615,918.43,China,Google,2026-04-17 09:36:17,0
TX00734,USER5453,4179.36,India,Google,2026-04-10 18:47:03,0
TX00735,USER3732,569.72,Singapore,Shopee,2026-04-17 13:15:36,0
TX00736,USER8908,4012.31,India,Shopee,2026-05-03 05:45:06,0
TX00737,USER6875,3058.74,Indonesia,McDonalds,2026-05-09 03:06:05,0
TX00738,USER2850,4438.53,India,Amazon,2026-04-28 03:59:30,1
TX00739,USER6148,66.74,Thailand,Apple,2026-05-03 10:25:26,0
TX00740,USER2560,2167.08,Thailand,McDonalds,2026-04-24 14:49:02,0
TX00741,USER7305,747.53,Singapore,Amazon,2026-04-17 06:54:05,0
TX00742,USER3571,2530.31,India,McDonalds,2026-04-19 22:06:49,0
TX00743,USER2226,3758.39,United Kingdom,Netflix,2026-04-14 00:45:25,0
TX00744,USER5557,256.5,Thailand,NTUC,2026-04-27 19:25:19,0
TX00745,USER7607,4086.43,Malaysia,McDonalds,2026-04-26 09:35:32,0
TX00746,USER8341,444.66,India,McDonalds,2026-05-09 05:34:34,0
TX00747,USER9148,3727.47,Singapore,Grab,2026-04-11 14:01:28,0
TX00748,USER1587,2787.87,Singapore,Grab,2026-04-14 08:45:58,0
TX00749,USER5990,4451.1,Thailand,McDonalds,2026-04-26 18:24:22,0
TX00750,USER6953,4127.43,Thailand,McDonalds,2026-04-25 00:32:53,0
TX00751,USER8751,3584.71,United Kingdom,McDonalds,2026-05-08 06:17:47,0
TX00752,USER4633,15.97,United Kingdom,Steam,2026-05-06 20:26:27,0
TX00753,USER7125,3511.97,Singapore,Shopee,2026-04-12 06:30:27,0
TX00754,USER7704,539.27,Thailand,Netflix,2026-05-05 11:50:17,0
TX00755,USER7437,1081.87,Thailand,Apple,2026-04-15 01:09:23,0
TX00756,USER7790,237.27,Malaysia,McDonalds,2026-04-22 07:44:49,0
TX00757,USER9260,677.51,India,Amazon,2026-05-06 15:10:01,0
TX00758,USER1795,2768.37,China,7-Eleven,2026-05-02 11:00:34,0
TX00759,USER9328,3906.5,Indonesia,7-Eleven,2026-04-24 03:16:47,1
TX00760,USER3103,522.25,United Kingdom,NTUC,2026-05-02 21:28:23,0
TX00761,USER7859,4897.61,Thailand,Steam,2026-04-24 09:58:10,0
TX00762,USER6617,4852.61,India,Shopee,2026-04-23 01:08:19,1
TX00763,USER9393,1498.07,United Kingdom,NTUC,2026-04-14 08:46:56,0
TX00764,USER4291,1052.51,United States,Apple,2026-05-01 09:02:04,0
TX00765,USER3173,4906.77,Indonesia,NTUC,2026-04-16 14:20:27,0
TX00766,USER6281,3553.21,United Kingdom,NTUC,2026-04-18 13:24:33,0
TX00767,USER7839,3372.85,United States,Google,2026-05-06 15:37:49,0
TX00768,USER9564,536.82,China,Shopee,2026-05-01 17:58:49,0
TX00769,USER1927,1003.51,Indonesia,Steam,2026-04-16 21:48:58,0
TX00770,USER3399,4197.71,United States,Netflix,2026-04-30 15:08:01,0
TX00771,USER1529,1796.62,India,Grab,2026-05-08 07:13:10,0
TX00772,USER4675,3713.35,China,Netflix,2026-05-08 10:41:34,0
TX00773,USER5712,3466.22,Singapore,Google,2026-04-18 16:22:18,0
TX00774,USER6122,4829.34,Singapore,Amazon,2026-04-24 22:21:57,0
TX00775,USER4327,3104.71,India,Netflix,2026-04-10 02:36:15,0
TX00776,USER7025,3776.76,Thailand,Netflix,2026-05-07 17:42:07,0
TX00777,USER3906,4917.35,Malaysia,Shopee,2026-04-24 08:35:48,0
TX00778,USER9418,601.17,Singapore,Google,2026-04-19 23:03:12,0
TX00779,USER5329,654.68,United States,Amazon,2026-04-13 02:41:08,0
TX00780,USER3536,204.5,United Kingdom,7-Eleven,2026-05-05 18:42:23,0
TX00781,USER5934,2455.3,United Kingdom,Grab,2026-05-04 02:29:15,0
TX00782,USER6207,2629.35,Indonesia,NTUC,2026-05-03 03:19:40,0
TX00783,USER9276,801.06,China,Grab,2026-05-07 08:28:04,0
TX00784,USER4495,3318.36,United Kingdom,Apple,2026-04-18 02:34:46,1
TX00785,USER9691,2376.91,Singapore,Grab,2026-04-13 02:06:28,0
TX00786,USER8301,1205.54,Thailand,Amazon,2026-04-13 02:11:28,0
TX00787,USER6258,1909.96,Malaysia,Google,2026-04-23 22:41:31,0
TX00788,USER5633,128.41,United Kingdom,NTUC,2026-05-06 05:04:47,0
TX00789,USER8300,2436.59,United States,Netflix,2026-04-10 13:13:10,0
TX00790,USER2349,4741.32,Indonesia,NTUC,2026-04-27 14:16:22,0
TX00791,USER2072,1057.85,Thailand,Google,2026-05-07 14:50:36,0
TX00792,USER4368,2691.08,China,Grab,2026-04-21 22:24:11,0
TX00793,USER3519,123.65,United Kingdom,Amazon,2026-04-27 16:01:25,0
TX00794,USER1889,894.07,United States,NTUC,2026-04-14 19:00:44,0
TX00795,USER4729,4555.38,China,Google,2026-04-21 11:08:51,0
TX00796,USER7626,2167.96,Singapore,Google,2026-04-28 23:19:17,0
TX00797,USER9762,34.47,Malaysia,7-Eleven,2026-04-26 18:53:43,0
TX00798,USER2189,1791.71,Malaysia,Steam,2026-04-30 07:09:54,0
TX00799,USER5937,3034.8,United States,McDonalds,2026-04-13 03:39:49,1
TX00800,USER1504,2372.57,Thailand,Shopee,2026-04-27 09:57:32,0
TX00801,USER9941,1478.42,Indonesia,Steam,2026-04-30 07:58:24,0
TX00802,USER7113,4787.17,Singapore,NTUC,2026-04-24 01:29:01,0
TX00803,USER3316,620.56,Singapore,7-Eleven,2026-04-11 08:55:24,0
TX00804,USER9800,2739.89,Malaysia,Steam,2026-05-06 10:37:34,0
TX00805,USER6633,1062.63,Indonesia,Shopee,2026-04-17 13:56:48,0
TX00806,USER5140,975.66,Indonesia,7-Eleven,2026-04-09 18:40:42,0
TX00807,USER9992,2309.02,Malaysia,Steam,2026-04-13 12:02:33,0
TX00808,USER5107,495.52,India,Apple,2026-05-08 02:11:18,0
TX00809,USER4842,504.73,Malaysia,Netflix,2026-04-21 23:04:00,0
TX00810,USER8383,1645.09,United States,7-Eleven,2026-04-22 09:18:03,0
TX00811,USER6971,4039.46,China,Shopee,2026-04-30 09:49:31,1
TX00812,USER5033,3929.37,China,Steam,2026-04-29 06:15:10,0
TX00813,USER3200,3399.5,United Kingdom,McDonalds,2026-05-06 07:22:24,0
TX00814,USER6877,3874.96,India,NTUC,2026-04-20 11:52:19,0
TX00815,USER2343,4209.76,Indonesia,NTUC,2026-04-13 19:22:24,0
TX00816,USER2252,3638.49,Singapore,NTUC,2026-04-16 20:42:43,0
TX00817,USER7637,3847.16,Thailand,Amazon,2026-04-25 08:50:37,0
TX00818,USER9904,4470.46,India,Shopee,2026-04-13 12:15:58,0
TX00819,USER4658,4457.73,United States,Shopee,2026-05-06 09:36:48,0
TX00820,USER9362,457.32,United Kingdom,NTUC,2026-04-21 04:57:59,1
TX00821,USER4913,4240.67,Indonesia,NTUC,2026-05-08 04:14:34,1
TX00822,USER3608,899.83,Indonesia,McDonalds,2026-04-24 07:07:06,0
TX00823,USER1662,1098.0,India,Netflix,2026-04-16 02:26:03,0
TX00824,USER7052,1173.92,Thailand,NTUC,2026-04-28 19:58:31,0
TX00825,USER6918,1943.53,India,Amazon,2026-05-05 18:12:04,0
TX00826,USER6309,520.61,United States,Steam,2026-05-05 04:47:36,0
TX00827,USER3848,1886.41,China,Apple,2026-04-28 11:27:30,0
TX00828,USER2275,2585.73,China,Netflix,2026-04-15 11:44:57,0
TX00829,USER6781,4087.1,United Kingdom,McDonalds,2026-04-16 01:22:50,0
TX00830,USER1108,2511.68,Indonesia,McDonalds,2026-04-23 03:40:50,0
TX00831,USER2263,2575.13,United States,Netflix,2026-05-01 07:48:00,0
TX00832,USER3578,1814.3,Malaysia,Netflix,2026-05-03 17:16:52,0
TX00833,USER6410,3602.68,India,McDonalds,2026-05-02 11:37:50,0
TX00834,USER3641,3238.06,China,Amazon,2026-04-28 14:21:44,0
TX00835,USER3095,2869.57,Indonesia,Shopee,2026-04-29 15:00:50,0
TX00836,USER1642,4454.53,Indonesia,Amazon,2026-04-25 20:47:28,0
TX00837,USER3949,2585.62,China,7-Eleven,2026-04-26 20:21:37,0
TX00838,USER1305,4393.15,United States,Grab,2026-04-26 10:42:38,0
TX00839,USER8723,4337.18,Indonesia,Netflix,2026-05-01 15:43:31,0
TX00840,USER3338,3974.11,Indonesia,7-Eleven,2026-04-24 21:13:00,0
TX00841,USER5333,842.77,United Kingdom,McDonalds,2026-04-18 02:48:41,0
TX00842,USER2127,1152.92,China,Shopee,2026-04-14 10:53:40,0
TX00843,USER4315,2615.94,China,Shopee,2026-05-06 13:46:06,0
TX00844,USER3906,2381.97,Singapore,NTUC,2026-04-23 06:07:56,0
TX00845,USER2925,470.48,Indonesia,7-Eleven,2026-05-02 19:08:20,0
TX00846,USER1019,4485.36,China,NTUC,2026-04-30 06:12:27,0
TX00847,USER1711,3489.73,China,Netflix,2026-05-07 20:24:39,0
TX00848,USER8899,3948.83,China,Apple,2026-04-17 08:54:51,0
TX00849,USER2600,2130.32,United States,McDonalds,2026-04-17 17:54:19,0
TX00850,USER2373,1419.92,China,Steam,2026-04-22 03:36:46,0
TX00851,USER1116,2892.05,Malaysia,NTUC,2026-04-21 13:26:03,1
TX00852,USER4365,3440.39,United Kingdom,Google,2026-04-20 08:40:15,0
TX00853,USER3535,2133.23,United States,Steam,2026-04-22 07:51:48,0
TX00854,USER7939,2825.53,United States,Google,2026-04-30 05:47:42,0
TX00855,USER7770,2762.76,India,Shopee,2026-04-18 11:07:34,0
TX00856,USER8925,1272.62,United States,7-Eleven,2026-04-16 01:52:31,0
TX00857,USER7522,3680.23,Malaysia,Netflix,2026-04-23 19:37:36,0
TX00858,USER3650,505.89,China,Apple,2026-05-02 13:36:04,0
TX00859,USER1852,807.89,Singapore,Grab,2026-05-08 09:36:17,0
TX00860,USER8727,4629.68,China,Grab,2026-04-17 03:33:19,1
TX00861,USER4633,1857.32,Singapore,Google,2026-04-12 18:35:49,0
TX00862,USER7564,3071.76,United States,7-Eleven,2026-04-13 20:04:06,0
TX00863,USER3871,3203.26,India,Amazon,2026-05-02 03:38:29,1
TX00864,USER9489,1433.6,Singapore,7-Eleven,2026-05-05 09:06:58,0
TX00865,USER4795,3077.87,Singapore,Apple,2026-04-20 16:09:56,0
TX00866,USER1004,4878.35,Malaysia,Steam,2026-04-10 10:39:02,0
TX00867,USER6785,3349.96,China,7-Eleven,2026-05-05 10:01:43,0
TX00868,USER1251,3685.94,Malaysia,Grab,2026-04-18 11:17:04,0
TX00869,USER6703,1740.64,United States,Netflix,2026-04-10 11:48:44,0
TX00870,USER4187,2276.52,China,7-Eleven,2026-04-21 01:54:15,1
TX00871,USER3867,2038.64,Malaysia,NTUC,2026-04-26 18:14:06,0
TX00872,USER5821,1703.13,Malaysia,NTUC,2026-05-01 03:23:00,0
TX00873,USER9813,4066.67,United States,McDonalds,2026-05-05 02:34:25,0
TX00874,USER8923,3850.99,United Kingdom,McDonalds,2026-04-22 20:42:59,0
TX00875,USER1448,2412.44,United States,Grab,2026-05-09 01:33:53,0
TX00876,USER4610,3386.18,Thailand,Apple,2026-04-20 22:47:26,0
TX00877,USER6785,2584.94,Singapore,Steam,2026-04-22 02:03:26,0
TX00878,USER2523,1997.66,United Kingdom,Grab,2026-05-01 02:07:26,0
TX00879,USER3924,2385.39,United Kingdom,Netflix,2026-05-02 04:46:38,0
TX00880,USER5408,918.01,Thailand,McDonalds,2026-04-25 18:33:53,0
TX00881,USER4847,3678.47,United States,Netflix,2026-04-21 05:41:10,0
TX00882,USER5091,4182.49,United Kingdom,Shopee,2026-04-17 13:35:28,0
TX00883,USER2964,4601.34,India,7-Eleven,2026-04-22 00:34:58,1
TX00884,USER9871,4790.18,India,Apple,2026-04-27 01:36:01,1
TX00885,USER9066,4491.12,United States,McDonalds,2026-04-27 14:48:24,0
TX00886,USER9374,1404.93,Thailand,7-Eleven,2026-04-21 05:17:38,0
TX00887,USER9613,3997.35,India,NTUC,2026-04-20 17:15:27,0
TX00888,USER6689,1971.62,Indonesia,McDonalds,2026-04-09 16:57:03,0
TX00889,USER9490,2303.05,Singapore,Amazon,2026-04-15 23:39:43,0
TX00890,USER7216,2907.14,United Kingdom,Apple,2026-04-28 18:39:12,0
TX00891,USER5254,939.83,United States,Netflix,2026-05-08 00:41:49,0
TX00892,USER6621,1832.79,India,Google,2026-05-03 22:52:02,0
TX00893,USER7099,1828.56,China,Steam,2026-04-10 01:54:02,0
TX00894,USER3148,4896.47,Thailand,Grab,2026-04-09 19:50:19,0
TX00895,USER4863,2778.92,China,Netflix,2026-04-12 01:56:50,0
TX00896,USER3450,2367.57,Singapore,Shopee,2026-04-18 05:40:27,0
TX00897,USER3203,4977.83,United Kingdom,McDonalds,2026-05-04 14:57:38,0
TX00898,USER1781,1995.02,Indonesia,Amazon,2026-05-08 11:53:17,0
TX00899,USER5166,2385.31,Malaysia,McDonalds,2026-05-01 05:12:01,0
TX00900,USER5256,1808.01,United States,Apple,2026-04-21 19:56:29,1
TX00901,USER2986,1758.7,Thailand,7-Eleven,2026-04-13 20:06:51,0
TX00902,USER9821,876.82,United States,Apple,2026-05-01 16:08:45,0
TX00903,USER9363,2440.03,India,Grab,2026-04-29 07:54:36,0
TX00904,USER5694,2321.44,Indonesia,Shopee,2026-04-19 13:50:35,0
TX00905,USER6527,2111.97,China,Grab,2026-04-09 23:14:15,0
TX00906,USER6629,1144.95,United Kingdom,Steam,2026-04-19 08:06:37,0
TX00907,USER7479,1359.88,India,Apple,2026-04-11 08:11:45,0
TX00908,USER9535,4827.8,China,Shopee,2026-04-11 19:03:51,0
TX00909,USER1378,629.57,Thailand,Steam,2026-04-18 23:23:38,0
TX00910,USER2311,1056.8,China,Grab,2026-04-26 16:35:41,0
TX00911,USER8752,2744.43,Singapore,Google,2026-04-09 19:34:30,0
TX00912,USER2363,524.12,Indonesia,Grab,2026-04-14 19:06:09,0
TX00913,USER7387,1550.31,Thailand,Steam,2026-04-24 14:12:54,0
TX00914,USER3071,660.73,Indonesia,Amazon,2026-05-05 23:52:41,0
TX00915,USER6846,4302.54,United Kingdom,McDonalds,2026-05-06 00:07:33,0
TX00916,USER9856,4674.61,India,Shopee,2026-04-21 14:31:38,0
TX00917,USER9835,889.3,India,7-Eleven,2026-05-07 16:11:02,0
TX00918,USER9745,1551.76,United Kingdom,McDonalds,2026-04-14 09:15:16,0
TX00919,USER2467,2212.09,United Kingdom,Google,2026-04-13 02:41:41,0
TX00920,USER5973,57.73,Indonesia,Apple,2026-04-12 08:15:51,0
TX00921,USER9767,46.54,India,McDonalds,2026-05-03 11:35:36,0
TX00922,USER8052,3990.83,Thailand,Amazon,2026-04-29 18:56:40,0
TX00923,USER4089,2061.62,China,Google,2026-04-21 13:57:54,0
TX00924,USER7385,4142.99,Thailand,Steam,2026-05-06 01:04:36,1
TX00925,USER4924,2585.47,United States,Steam,2026-04-12 21:47:35,0
TX00926,USER9715,4045.0,China,Netflix,2026-05-08 16:25:35,0
TX00927,USER3988,687.44,Malaysia,McDonalds,2026-04-27 13:48:33,0
TX00928,USER5458,3503.86,India,Netflix,2026-04-20 19:03:11,0
TX00929,USER3492,252.91,Singapore,Shopee,2026-05-01 19:20:42,0
TX00930,USER5622,1349.63,India,Amazon,2026-05-03 02:33:46,0
TX00931,USER3468,78.55,Thailand,Apple,2026-04-30 12:01:24,0
TX00932,USER9165,4989.83,India,Amazon,2026-04-21 08:32:41,0
TX00933,USER3393,284.91,China,Grab,2026-04-14 21:54:33,0
TX00934,USER3975,965.0,United States,Google,2026-05-08 22:04:24,0
TX00935,USER2998,4873.12,Thailand,Google,2026-04-17 12:20:03,0
TX00936,USER8257,1239.58,Singapore,Netflix,2026-04-23 17:18:13,0
TX00937,USER2539,2608.09,Thailand,McDonalds,2026-04-18 11:11:50,0
TX00938,USER6113,4681.4,Indonesia,Amazon,2026-05-02 23:09:44,0
TX00939,USER9534,615.1,India,Steam,2026-04-27 19:19:54,0
TX00940,USER1853,4318.97,Thailand,Grab,2026-05-07 20:41:51,0
TX00941,USER8113,1625.94,Indonesia,Steam,2026-04-28 15:49:11,0
TX00942,USER7484,3946.77,Singapore,Amazon,2026-04-21 07:55:40,0
TX00943,USER8786,3443.59,Indonesia,Apple,2026-04-29 18:41:07,0
TX00944,USER5075,792.7,Malaysia,7-Eleven,2026-04-11 01:02:14,0
TX00945,USER1983,303.58,Indonesia,NTUC,2026-04-20 01:45:58,0
TX00946,USER3061,2441.78,United Kingdom,NTUC,2026-05-06 23:29:24,0
TX00947,USER6690,4028.6,India,Netflix,2026-04-29 07:22:29,1
TX00948,USER7189,1794.05,Indonesia,Steam,2026-04-22 20:53:33,0
TX00949,USER8951,3534.6,United States,NTUC,2026-04-23 19:02:26,0
TX00950,USER4109,2835.68,United Kingdom,Apple,2026-04-15 12:20:26,0
TX00951,USER5510,4338.97,Indonesia,Grab,2026-05-02 09:20:32,0
TX00952,USER8362,1481.88,United States,NTUC,2026-04-15 23:46:19,0
TX00953,USER1011,3880.71,China,Shopee,2026-05-04 17:06:34,0
TX00954,USER6965,3881.2,Thailand,Apple,2026-05-08 03:30:47,0
TX00955,USER9830,4096.15,Thailand,NTUC,2026-04-11 21:18:58,0
TX00956,USER3525,3067.13,United Kingdom,Google,2026-04-20 08:21:40,0
TX00957,USER2809,485.8,Malaysia,Amazon,2026-04-14 07:16:10,0
TX00958,USER3126,897.3,Singapore,Netflix,2026-05-02 01:17:46,0
TX00959,USER4139,498.27,China,McDonalds,2026-05-05 02:00:31,0
TX00960,USER5193,250.18,Thailand,7-Eleven,2026-04-22 02:20:25,0
TX00961,USER1214,4651.4,Thailand,McDonalds,2026-04-11 09:03:55,0
TX00962,USER2310,2342.96,Singapore,Apple,2026-05-04 14:57:17,0
TX00963,USER7814,4111.02,Singapore,7-Eleven,2026-04-26 23:34:42,0
TX00964,USER1666,3672.83,United States,Grab,2026-04-20 07:32:37,0
TX00965,USER9511,490.11,Thailand,NTUC,2026-05-02 02:33:29,0
TX00966,USER4164,2633.33,Thailand,7-Eleven,2026-04-22 11:28:44,0
TX00967,USER3931,2794.33,China,Grab,2026-04-17 10:21:36,0
TX00968,USER6864,3374.09,China,Grab,2026-04-26 12:05:58,0
TX00969,USER3955,2752.08,United Kingdom,Shopee,2026-04-19 20:39:17,0
TX00970,USER8258,4667.93,United Kingdom,NTUC,2026-04-22 15:38:18,0
TX00971,USER6319,4225.05,China,Google,2026-04-13 22:21:51,0
TX00972,USER6299,3044.02,Thailand,Google,2026-04-21 18:12:35,0
TX00973,USER5162,1803.24,India,McDonalds,2026-05-07 15:25:14,0
TX00974,USER1003,3632.93,United States,7-Eleven,2026-05-01 12:20:36,1
TX00975,USER3213,4967.09,United States,Amazon,2026-04-20 13:18:14,0
TX00976,USER4635,1078.04,United Kingdom,Amazon,2026-04-24 16:16:42,0
TX00977,USER5521,4595.96,Indonesia,Grab,2026-04-23 06:04:45,0
TX00978,USER6827,784.75,United States,Apple,2026-04-12 21:30:46,0
TX00979,USER5093,1168.81,United States,Grab,2026-04-29 01:34:59,0
TX00980,USER4562,3672.66,United Kingdom,McDonalds,2026-04-27 21:35:18,0
TX00981,USER2562,2978.18,United States,Amazon,2026-05-04 08:23:57,0
TX00982,USER7251,396.99,Singapore,Apple,2026-04-28 23:23:55,0
TX00983,USER8115,2085.53,Malaysia,Netflix,2026-05-06 22:02:04,0
TX00984,USER1187,3171.27,China,Amazon,2026-04-11 16:27:48,0
TX00985,USER1674,1599.99,Indonesia,Apple,2026-04-29 00:43:58,0
TX00986,USER4617,770.22,China,McDonalds,2026-04-26 11:05:57,0
TX00987,USER9269,454.96,China,Steam,2026-04-19 20:39:31,0
TX00988,USER3425,665.28,Malaysia,McDonalds,2026-04-12 02:22:30,0
TX00989,USER1807,2743.02,United States,Grab,2026-04-16 03:57:42,0
TX00990,USER8118,3870.26,Indonesia,Shopee,2026-04-20 04:24:35,1
TX00991,USER4245,2441.87,Thailand,NTUC,2026-04-11 11:58:34,0
TX00992,USER9589,1235.0,Malaysia,Steam,2026-04-14 04:58:17,0
TX00993,USER6298,3425.27,Malaysia,Grab,2026-04-11 05:00:05,0
TX00994,USER7939,1829.51,Thailand,Apple,2026-04-11 12:06:09,0
TX00995,USER1396,3849.56,Indonesia,Apple,2026-04-26 16:39:43,0
TX00996,USER8245,3117.79,India,Amazon,2026-04-17 21:10:51,0
TX00997,USER4825,1002.43,United Kingdom,Shopee,2026-04-29 05:03:46,0
TX00998,USER2405,566.3,Singapore,Netflix,2026-04-12 22:17:26,0
TX00999,USER3419,4344.42,United States,Amazon,2026-05-05 13:45:58,0
TX01000,USER2823,1529.06,India,Amazon,2026-04-14 07:07:12,0
